insert into APPLICATION (application_id,appl_description,appl_name) values (3,'DIOR','Drilling Reports');
Insert into  COMMON_PROBLEM_AND_SOLUTION (common_problem_id,problem_desc,Application_application_id) values (3,'Problem',3);
insert into SOLUTION  (solution_id,seq_number,sol_description,common_problem_common_problem_id) values (3,1,'solution',3);

insert into APPLICATION (application_id,appl_description,appl_name) values (4,'EWellFile','Well File Attachment');
Insert into  COMMON_PROBLEM_AND_SOLUTION (common_problem_id,problem_desc,Application_application_id) values (4,'Problem',4);
insert into SOLUTION  (solution_id,seq_number,sol_description,common_problem_common_problem_id) values (4,1,'solution',4);

insert into APPLICATION (application_id,appl_description,appl_name) values (1,'CSAS','Cement Slurry Application');
Insert into  COMMON_PROBLEM_AND_SOLUTION (common_problem_id,problem_desc,Application_application_id) values (1,'Problem',1);
insert into SOLUTION  (solution_id,seq_number,sol_description,common_problem_common_problem_id) values (1,1,'solution',1);

insert into APPLICATION (application_id,appl_description,appl_name) values (2,'BRAVO','Drilling Best Practices');
Insert into  COMMON_PROBLEM_AND_SOLUTION (common_problem_id,problem_desc,Application_application_id) values (2,'Problem',2);
insert into SOLUTION  (solution_id,seq_number,sol_description,common_problem_common_problem_id) values (2,1,'solution',2);

insert into APPLICATION (application_id,appl_description,appl_name) values (5,'SADK','SADK');
-- noinspection SqlDialectInspection

Insert into  COMMON_PROBLEM_AND_SOLUTION (common_problem_id,problem_desc,Application_application_id) values (5,'Problem',5)
    insert into SOLUTION  (solution_id,seq_number,sol_description,common_problem_common_problem_id) values (5,1,'solution',5);